,Mood,original_title,id,release_year,genre,overview,runtime,vote_average,budget,revenue
0,Happy,Back to the Future,105,1985,"Adventure,Comedy,Science Fiction,Family","Eighties teenager Marty McFly is accidentally sent back in time to 1955, inadvertently disrupting his parents' first meeting and attracting his mother's romantic interest. Marty must repair the damage to history by rekindling his parents' romance and - with the help of his eccentric inventor friend Doc Brown - return to 1985.",116.0,8.0,19000000,381109762
1,Happy,Forrest Gump,13,1994,"Comedy,Drama,Romance","A man with a low IQ has accomplished great things in his life and been present during significant historic events - in each case, far exceeding what anyone imagined he could do. Yet, despite all the things he has attained, his one true love eludes him. 'Forrest Gump' is the story of a man who rose above his challenges, and who proved that determination, courage, and love are more important than ability.",142.0,8.2,55000000,677945399
2,Sad,Forrest Gump,13,1994,"Comedy,Drama,Romance","A man with a low IQ has accomplished great things in his life and been present during significant historic events - in each case, far exceeding what anyone imagined he could do. Yet, despite all the things he has attained, his one true love eludes him. 'Forrest Gump' is the story of a man who rose above his challenges, and who proved that determination, courage, and love are more important than ability.",142.0,8.2,55000000,677945399
3,Happy,Forrest Gump,13,1994,"Comedy,Drama,Romance","A man with a low IQ has accomplished great things in his life and been present during significant historic events - in each case, far exceeding what anyone imagined he could do. Yet, despite all the things he has attained, his one true love eludes him. 'Forrest Gump' is the story of a man who rose above his challenges, and who proved that determination, courage, and love are more important than ability.",142.0,8.2,55000000,677945399
4,Inspired,The Dark Knight,155,2008,"Drama,Action,Crime,Thriller","Batman raises the stakes in his war on crime. With the help of Lt. Jim Gordon and District Attorney Harvey Dent, Batman sets out to dismantle the remaining criminal organizations that plague the streets. The partnership proves to be effective, but they soon find themselves prey to a reign of chaos unleashed by a rising criminal mastermind known to the terrified citizens of Gotham as the Joker.",152.0,8.2,185000000,1004558444
5,Inspired,The Dark Knight,155,2008,"Drama,Action,Crime,Thriller","Batman raises the stakes in his war on crime. With the help of Lt. Jim Gordon and District Attorney Harvey Dent, Batman sets out to dismantle the remaining criminal organizations that plague the streets. The partnership proves to be effective, but they soon find themselves prey to a reign of chaos unleashed by a rising criminal mastermind known to the terrified citizens of Gotham as the Joker.",152.0,8.2,185000000,1004558444
6,Angry,The Dark Knight,155,2008,"Drama,Action,Crime,Thriller","Batman raises the stakes in his war on crime. With the help of Lt. Jim Gordon and District Attorney Harvey Dent, Batman sets out to dismantle the remaining criminal organizations that plague the streets. The partnership proves to be effective, but they soon find themselves prey to a reign of chaos unleashed by a rising criminal mastermind known to the terrified citizens of Gotham as the Joker.",152.0,8.2,185000000,1004558444
7,Happy,The Notebook,11036,2004,"Romance,Drama","An epic love story centered around an older man who reads aloud to a woman with Alzheimer's. From a faded notebook, the old man's words bring to life the story about a couple who is separated by World War II, and is then passionately reunited, seven years later, after they have taken different paths.",123.0,7.7,29000000,115603229
8,Romantic,The Notebook,11036,2004,"Romance,Drama","An epic love story centered around an older man who reads aloud to a woman with Alzheimer's. From a faded notebook, the old man's words bring to life the story about a couple who is separated by World War II, and is then passionately reunited, seven years later, after they have taken different paths.",123.0,7.7,29000000,115603229
9,Sad,The Notebook,11036,2004,"Romance,Drama","An epic love story centered around an older man who reads aloud to a woman with Alzheimer's. From a faded notebook, the old man's words bring to life the story about a couple who is separated by World War II, and is then passionately reunited, seven years later, after they have taken different paths.",123.0,7.7,29000000,115603229
10,Emotional,Star Wars,11,1977,"Adventure,Action,Science Fiction",Princess Leia is captured and held hostage by the evil Imperial forces in their effort to take over the galactic Empire. Venturesome Luke Skywalker and dashing captain Han Solo team together with the loveable robot duo R2-D2 and C-3PO to rescue the beautiful princess and restore peace and justice in the Empire.,121.0,8.1,11000000,775398007
11,Happy,Bolt,13053,2008,"Animation,Family,Adventure,Comedy","Bolt is the star of the biggest show in Hollywood. The only problem is, he thinks it's real. After he's accidentally shipped to New York City and separated from Penny, his beloved co-star and owner, Bolt must harness all his ""super powers"" to find a way home.",98.0,6.3,150000000,309979994
12,Sad,Happy Feet,9836,2006,"Animation,Comedy","Into the world of the Emperor Penguins, who find their soul mates through song, a penguin is born who cannot sing. But he can tap dance something fierce!",108.0,5.9,100000000,384335608
13,Angry,Mad Max,9659,1979,"Adventure,Action,Thriller,Science Fiction","In a dystopian future Australia, a vicious biker gang murders a cop's family, and makes his fight with them personal.",93.0,6.6,400000,100000000
14,Angry,Mad Max,9659,1979,"Adventure,Action,Thriller,Science Fiction","In a dystopian future Australia, a vicious biker gang murders a cop's family, and makes his fight with them personal.",93.0,6.6,400000,100000000
15,Happy,Finding Nemo,12,2003,"Animation,Family","Nemo, an adventurous young clownfish, is unexpectedly taken from his Great Barrier Reef home to a dentist's office aquarium. It's up to his worrisome father Marlin and a friendly but forgetful fish Dory to bring Nemo home -- meeting vegetarian sharks, surfer dude turtles, hypnotic jellyfish, hungry seagulls, and more along the way.",100.0,7.6,94000000,940335536
16,Inspired,Finding Nemo,12,2003,"Animation,Family","Nemo, an adventurous young clownfish, is unexpectedly taken from his Great Barrier Reef home to a dentist's office aquarium. It's up to his worrisome father Marlin and a friendly but forgetful fish Dory to bring Nemo home -- meeting vegetarian sharks, surfer dude turtles, hypnotic jellyfish, hungry seagulls, and more along the way.",100.0,7.6,94000000,940335536
17,Thrilled,Robin Hood,20662,2010,"Action,Adventure","When soldier Robin happens upon the dying Robert of Loxley, he promises to return the man's sword to his family in Nottingham. There, he assumes Robert's identity; romances his widow, Marion; and draws the ire of the town's sheriff and King John's henchman, Godfrey.",140.0,6.2,200000000,310669540
18,Romantic,Tangled,38757,2010,"Animation,Family","When the kingdom's most wanted-and most charming-bandit Flynn Rider hides out in a mysterious tower, he's taken hostage by Rapunzel, a beautiful and feisty tower-bound teen with 70 feet of magical, golden hair. Flynn's curious captor, who's looking for her ticket out of the tower where she's been locked away for years, strikes a deal with the handsome thief and the unlikely duo sets off on an action-packed escapade, complete with a super-cop horse, an over-protective chameleon and a gruff gang of pub thugs.",100.0,7.4,260000000,591794936
19,Happy,Tangled,38757,2010,"Animation,Family","When the kingdom's most wanted-and most charming-bandit Flynn Rider hides out in a mysterious tower, he's taken hostage by Rapunzel, a beautiful and feisty tower-bound teen with 70 feet of magical, golden hair. Flynn's curious captor, who's looking for her ticket out of the tower where she's been locked away for years, strikes a deal with the handsome thief and the unlikely duo sets off on an action-packed escapade, complete with a super-cop horse, an over-protective chameleon and a gruff gang of pub thugs.",100.0,7.4,260000000,591794936
20,Inspired,The Last Samurai,616,2003,"Drama,Action,War,History","Nathan Algren is an American hired to instruct the Japanese army in the ways of modern warfare, which finds him learning to respect the samurai and the honorable principles that rule them. Pressed to destroy the samurai's way of life in the name of modernization and open trade, Algren decides to become an ultimate warrior himself and to fight for their right to exist.",154.0,7.3,140000000,456758981
21,Happy,Night at the Museum,1593,2006,"Action,Adventure,Comedy,Family,Fantasy","Chaos reigns at the natural history museum when night watchman Larry Daley accidentally stirs up an ancient curse, awakening Attila the Hun, an army of gladiators, a Tyrannosaurus rex and other exhibits. Larry tries desperately to keep the museum under control, but he's fighting a losing battle until President Teddy Roosevelt comes to the rescue.",108.0,6.3,110000000,574480841
22,Romantic,The Tourist,37710,2010,"Action,Thriller,Romance","American tourist Frank (Johnny Depp) meets mysterious British woman Elsie (Angelina Jolie) on the train to Venice. Romance seems to bud, but there's more to her than meets the eye. Remake of the 2005 French film ""Anthony Zimmer"", written and directed by Jérôme Salle.",103.0,6.0,100000000,278731369
23,Sad,The Truman Show,37165,1998,"Comedy,Drama","Truman Burbank is the star of ""The Truman Show"", a 24-hour-a-day ""reality"" TV show that broadcasts every aspect of his life -- live and in color -- without his knowledge. His entire life has been an unending soap opera for consumption by the rest of the world. And everyone he knows -- including his wife and his best friend -- is really an actor, paid to be part of his life.",103.0,7.8,60000000,264118201
24,Inspired,Ratatouille,2062,2007,"Animation,Comedy,Family,Fantasy","A rat named Remy dreams of becoming a great French chef despite his family's wishes and the obvious problem of being a rat in a decidedly rodent-phobic profession. When fate places Remy in the sewers of Paris, he finds himself ideally situated beneath a restaurant made famous by his culinary hero, Auguste Gusteau. Despite the apparent dangers of being an unlikely - and certainly unwanted - visitor in the kitchen of a fine French restaurant, Remy's passion for cooking soon sets into motion a hilarious and exciting rat race that turns the culinary world of Paris upside down.",111.0,7.5,150000000,623722818
25,Inspired,Ratatouille,2062,2007,"Animation,Comedy,Family,Fantasy","A rat named Remy dreams of becoming a great French chef despite his family's wishes and the obvious problem of being a rat in a decidedly rodent-phobic profession. When fate places Remy in the sewers of Paris, he finds himself ideally situated beneath a restaurant made famous by his culinary hero, Auguste Gusteau. Despite the apparent dangers of being an unlikely - and certainly unwanted - visitor in the kitchen of a fine French restaurant, Remy's passion for cooking soon sets into motion a hilarious and exciting rat race that turns the culinary world of Paris upside down.",111.0,7.5,150000000,623722818
26,Thrilled,How to Train Your Dragon 2,82702,2014,"Fantasy,Action,Adventure,Animation,Comedy,Family","The thrilling second chapter of the epic How To Train Your Dragon trilogy brings back the fantastical world of Hiccup and Toothless five years later. While Astrid, Snotlout and the rest of the gang are challenging each other to dragon races (the island's new favorite contact sport), the now inseparable pair journey through the skies, charting unmapped territories and exploring new worlds. When one of their adventures leads to the discovery of a secret ice cave that is home to hundreds of new wild dragons and the mysterious Dragon Rider, the two friends find themselves at the center of a battle to protect the peace.",102.0,7.6,145000000,609123048
27,Happy,Top Gun,744,1986,"Action,Romance,War","For Lieutenant Pete 'Maverick' Mitchell and his friend and Co-Pilot Nick 'Goose' Bradshaw being accepted into an elite training school for fighter pilots is a dream come true.  A tragedy, as well as personal demons, threaten Pete's dreams of becoming an Ace pilot.",110.0,6.7,15000000,356830601
28,Thrilled/Excited,Batman,268,1989,"Fantasy,Action","The Dark Knight of Gotham City begins his war on crime with his first major enemy being the clownishly homicidal Joker, who has seized control of Gotham's underworld.",126.0,7.0,35000000,411348924
29,Sad,Selena,16052,1997,Drama,"In this biographical drama, Selena Quintanilla is born into a musical Mexican-American family in Texas. Her father, Abraham, realizes that his young daughter is talented and begins performing with her at small venues. She finds success and falls for her guitarist, Chris Perez, who draws the ire of her father. Seeking mainstream stardom, Selena begins recording an English-language album which, tragically, she would never complete.",127.0,7.0,20000000,60000000
30,Romantic,Becoming Jane,2977,2007,"Drama,Romance",A biographical portrait of a pre-fame Jane Austen and her romance with a young Irishman.,120.0,6.9,16500000,37311672
31,Sad,Room,264644,2015,"Drama,Thriller",Jack is a young boy of 5 years old who has lived all his life in one room. He believes everything within it are the only real things in the world. But what will happen when his Ma suddenly tells him that there are other things outside of Room?,117.0,8.1,6000000,35401758
32,Emotional,Premonition,9963,2007,"Thriller,Drama,Mystery","A depressed housewife who learns her husband was killed in a car accident the day previously, awakens the next morning to find him alive and well at home, and then awakens the day after to a world in which he is still dead.",96.0,5.8,20000000,84146832
33,Emotional,Dear John,22971,2010,"Drama,Romance,War",Sergeant John Tyree is home on a 2 week leave from Germany. He meets Savannah after he dives into the ocean to retrieve Savannah's purse that had fallen off the pier. John falls in love with Savannah who is a student on spring break helping build a house for Habitat for Humanity. A romance occurs and Savannah falls deeply in love with John. She promises to write John overseas until he returns.,115.0,6.6,25000000,114977104
34,Inspired,Aladdin,812,1992,"Animation,Family,Comedy,Adventure,Fantasy,Romance","Princess Jasmine grows tired of being forced to remain in the palace and she sneaks out into the marketplace  in disguise where she meets street-urchin Aladdin and the two fall in love, although she may only marry a prince. After being thrown in jail, Aladdin and becomes embroiled in a plot to find a mysterious lamp with which the evil Jafar hopes to rule the land.",90.0,7.4,28000000,504050219
35,Happy,The Big Short,318846,2015,"Comedy,Drama",The men who made millions from a global economic meltdown.,130.0,7.3,28000000,133346506
36,Happy,Grease,621,1978,Romance,"Australian good girl Sandy and greaser Danny fell in love over the summer. But when they unexpectedly discover they're now in the same high school, will they be able to rekindle their romance despite their eccentric friends?",110.0,7.2,6000000,181813770
37,Inspired,Titanic,597,1997,"Drama,Romance,Thriller","84 years later, a 101-year-old woman named Rose DeWitt Bukater tells the story to her granddaughter Lizzy Calvert, Brock Lovett, Lewis Bodine, Bobby Buell and Anatoly Mikailavich on the Keldysh about her life set in April 10th 1912, on a ship called Titanic when young Rose boards the departing ship with the upper-class passengers and her mother, Ruth DeWitt Bukater, and her fiancé, Caledon Hockley. Meanwhile, a drifter and artist named Jack Dawson and his best friend Fabrizio De Rossi win third-class tickets to the ship in a game. And she explains the whole story from departure until the death of Titanic on its first and last voyage April 15th, 1912 at 2:20 in the morning.",194.0,7.5,200000000,1845034188
38,Happy,Titanic,597,1997,"Drama,Romance,Thriller","84 years later, a 101-year-old woman named Rose DeWitt Bukater tells the story to her granddaughter Lizzy Calvert, Brock Lovett, Lewis Bodine, Bobby Buell and Anatoly Mikailavich on the Keldysh about her life set in April 10th 1912, on a ship called Titanic when young Rose boards the departing ship with the upper-class passengers and her mother, Ruth DeWitt Bukater, and her fiancé, Caledon Hockley. Meanwhile, a drifter and artist named Jack Dawson and his best friend Fabrizio De Rossi win third-class tickets to the ship in a game. And she explains the whole story from departure until the death of Titanic on its first and last voyage April 15th, 1912 at 2:20 in the morning.",194.0,7.5,200000000,1845034188
39,Emotional,Star Trek,13475,2009,"Science Fiction,Action,Adventure","The fate of the galaxy rests in the hands of bitter rivals. One, James Kirk, is a delinquent, thrill-seeking Iowa farm boy. The other, Spock, a Vulcan, was raised in a logic-based society that rejects all emotion. As fiery instinct clashes with calm reason, their unlikely but powerful partnership is the only thing capable of leading their crew through unimaginable danger, boldly going where no one has gone before. The human adventure has begun again.",127.0,7.4,150000000,385680446
40,Happy,The Emperor's New Groove,11688,2000,"Adventure,Animation,Comedy,Family,Fantasy","Kuzco is a self-centered emperor who summons Pacha from a village and to tell him that his home will be destroyed to make room for Kuzco's new summer home. Kuzco's advisor, Yzma, tries to poison Kuzco and accidentally turns him into a llama, who accidentally ends up in Pacha's village. Pacha offers to help Kuzco if he doesn't destroy his house, and so they form an unlikely partnership.",78.0,7.2,100000000,169327687
41,Happy,Teenage Mutant Ninja Turtles,98566,2014,"Science Fiction,Action,Adventure,Fantasy,Comedy",The city needs heroes. Darkness has settled over New York City as Shredder and his evil Foot Clan have an iron grip on everything from the police to the politicians. The future is grim until four unlikely outcast brothers rise from the sewers and discover their destiny as Teenage Mutant Ninja Turtles. The Turtles must work with fearless reporter April and her wise-cracking cameraman Vern Fenwick to save the city and unravel Shredder's diabolical plan.,101.0,5.8,125000000,477200000
42,Thrilled,Teenage Mutant Ninja Turtles,98566,2014,"Science Fiction,Action,Adventure,Fantasy,Comedy",The city needs heroes. Darkness has settled over New York City as Shredder and his evil Foot Clan have an iron grip on everything from the police to the politicians. The future is grim until four unlikely outcast brothers rise from the sewers and discover their destiny as Teenage Mutant Ninja Turtles. The Turtles must work with fearless reporter April and her wise-cracking cameraman Vern Fenwick to save the city and unravel Shredder's diabolical plan.,101.0,5.8,125000000,477200000
43,Inspired,Good Will Hunting,489,1997,Drama,"Will Hunting has a genius-level IQ but chooses to work as a janitor at MIT. When he solves a difficult graduate-level math problem, his talents are discovered by Professor Gerald Lambeau, who decides to help the misguided youth reach his potential. When Will is arrested for attacking a police officer, Professor Lambeau makes a deal to get leniency for him if he will get treatment from therapist Sean Maguire.",126.0,7.9,10000000,225933435
44,Happy,The Incredibles,9806,2004,"Action,Adventure,Animation,Family","Bob Parr has given up his superhero days to log in time as an insurance adjuster and raise his three children with his formerly heroic wife in suburbia. But when he receives a mysterious assignment, it's time to get back into costume.",115.0,7.4,92000000,631442092
45,Thrilled,The Amazing Spider-Man,1930,2012,"Action,Adventure,Fantasy","Peter Parker is an outcast high schooler abandoned by his parents as a boy, leaving him to be raised by his Uncle Ben and Aunt May. Like most teenagers, Peter is trying to figure out who he is and how he got to be the person he is today. As Peter discovers a mysterious briefcase that belonged to his father, he begins a quest to understand his parents' disappearance – leading him directly to Oscorp and the lab of Dr. Curt Connors, his father's former partner. As Spider-Man is set on a collision course with Connors' alter ego, The Lizard, Peter will make life-altering choices to use his powers and shape his destiny to become a hero.",136.0,6.5,215000000,752215857
46,Romantic,Brave,62177,2012,"Animation,Adventure,Comedy,Family,Action,Fantasy","Brave is set in the mystical Scottish Highlands, where Mérida is the princess of a kingdom ruled by King Fergus and Queen Elinor. An unruly daughter and an accomplished archer, Mérida one day defies a sacred custom of the land and inadvertently brings turmoil to the kingdom. In an attempt to set things right, Mérida seeks out an eccentric old Wise Woman and is granted an ill-fated wish. Also figuring into Mérida’s quest — and serving as comic relief — are the kingdom’s three lords: the enormous Lord MacGuffin, the surly Lord Macintosh, and the disagreeable Lord Dingwall.",93.0,6.7,185000000,538983207
47,Happy,The Smurfs 2,77931,2013,"Fantasy,Family,Comedy,Animation","The evil wizard Gargamel creates a couple of mischievous Smurf-like creatures called the Naughties that he hopes will let him harness the all-powerful, magical Smurf-essence. But when he discovers that only a real Smurf can give him what he wants, and only a secret spell that Smurfette knows can turn the Naughties into real Smurfs, Gargamel kidnaps Smurfette and brings her to Paris, where he has been winning the adoration of millions as the world¹s greatest sorcerer. It's up to Papa, Clumsy, Grouchy, and Vanity to return to our world, reunite with their human friends Patrick and Grace Winslow, and rescue her! Will Smurfette, who has always felt different from the other Smurfs, find a new connection with the Naughties Vexy and Hackus or will the Smurfs convince her that their love for her is True Blue?",105.0,5.5,105000000,347434178
48,Angry,Indiana Jones and the Kingdom of the Crystal Skull,217,2008,"Adventure,Action","Set during the Cold War, the Soviets – led by sword-wielding Irina Spalko – are in search of a crystal skull which has supernatural powers related to a mystical Lost City of Gold. After being captured and then escaping from them, Indy is coerced to head to Peru at the behest of a young man whose friend – and Indy's colleague – Professor Oxley has been captured for his knowledge of the skull's whereabouts.",122.0,5.7,185000000,786636033
49,Romantic,Cinderella,150689,2015,"Romance,Fantasy,Family,Drama","When her father unexpectedly passes away, young Ella finds herself at the mercy of her cruel stepmother and her daughters. Never one to give up hope, Ella's fortunes begin to change after meeting a dashing stranger in the woods.",105.0,6.7,95000000,543514353
50,Romantic,Cinderella,150689,2015,"Romance,Fantasy,Family,Drama","When her father unexpectedly passes away, young Ella finds herself at the mercy of her cruel stepmother and her daughters. Never one to give up hope, Ella's fortunes begin to change after meeting a dashing stranger in the woods.",105.0,6.7,95000000,543514353
51,Sad,Contagion,39538,2011,"Drama,Thriller,Science Fiction","As an epidemic of a lethal airborne virus - that kills within days - rapidly grows, the worldwide medical community races to find a cure and control the panic that spreads faster than the virus itself.",106.0,6.2,60000000,137551594
52,Inspired,Charlie and the Chocolate Factory,118,2005,"Adventure,Comedy,Family,Fantasy","A young boy wins a tour through the most magnificent chocolate factory in the world, led by the world's most unusual candy maker.",115.0,6.7,150000000,474968763
53,Thrilled,Monsters,43933,2010,"Drama,Thriller,Science Fiction","Six years ago NASA discovered the possibility of alien life within our solar system. A probe was launched to collect samples, but crashed upon re-entry over Central America. Soon after, new life forms began to appear and half of Mexico was quarantined as an infected zone. Today, the American and Mexican military still struggle to contain ""the creatures,"" while a journalist agrees to escort a shaken tourist through the infected zone in Mexico to the safety of the U.S. border.",94.0,6.2,500000,4242978
54,Inspired,Step Brothers,12133,2008,Comedy,"Brennan Huff and Dale Doback might be grown men. But that doesn't stop them from living at home and turning into jealous, competitive stepbrothers when their single parents marry. Brennan's constant competition with Dale strains his mom's marriage to Dale's dad, leaving everyone to wonder whether they'll ever see eye to eye.",98.0,6.5,65000000,128107642
55,Happy,Superman,1924,1978,"Action,Adventure,Fantasy,Science Fiction","Mild-mannered Clark Kent works as a reporter at the Daily Planet alongside his crush, Lois Lane − who's in love with Superman. Clark must summon his superhero alter ego when the nefarious Lex Luthor launches a plan to take over the world.",143.0,6.9,55000000,300218018
56,Inspired,Lincoln,72976,2012,"History,Drama","A revealing drama that focuses on the 16th President's tumultuous final months in office. In a nation divided by war and the strong winds of change, Lincoln pursues a course of action designed to end the war, unite the country and abolish slavery. With the moral courage and fierce determination to succeed, his choices during this critical moment will change the fate of generations to come.",149.0,6.7,65000000,275293450
57,Emotional,Everest,253412,2015,"Adventure,Drama","Inspired by the incredible events surrounding a treacherous attempt to reach the summit of the world's highest mountain, ""Everest"" documents the awe-inspiring journey of two different expeditions challenged beyond their limits by one of the fiercest snowstorms ever encountered by mankind. Their mettle tested by the harshest of elements found on the planet, the climbers will face nearly impossible obstacles as a lifelong obsession becomes a breathtaking struggle for survival.",121.0,6.7,55000000,203427584
58,Happy,Avatar,19995,2009,"Action,Adventure,Fantasy,Science Fiction","In the 22nd century, a paraplegic Marine is dispatched to the moon Pandora on a unique mission, but becomes torn between following orders and protecting an alien civilization.",162.0,7.2,237000000,2787965087
59,Happy,JFK,820,1991,"Drama,Thriller,History",New Orleans District Attorney Jim Garrison discovers there's more to the Kennedy assassination than the official story.,189.0,7.5,40000000,205405498
60,Inspired,Die Hard,562,1988,"Action,Thriller","NYPD cop, John McClane's plan to reconcile with his estranged wife is thrown for a serious loop when minutes after he arrives at her office, the entire building is overtaken by a group of terrorists. With little help from the LAPD, wisecracking McClane sets out to single-handedly rescue the hostages and bring the bad guys down.",131.0,7.5,28000000,140767956
61,Happy,Die Hard,562,1988,"Action,Thriller","NYPD cop, John McClane's plan to reconcile with his estranged wife is thrown for a serious loop when minutes after he arrives at her office, the entire building is overtaken by a group of terrorists. With little help from the LAPD, wisecracking McClane sets out to single-handedly rescue the hostages and bring the bad guys down.",131.0,7.5,28000000,140767956
62,Happy,The Matrix,603,1999,"Action,Science Fiction","Set in the 22nd century, The Matrix tells the story of a computer hacker who joins a group of underground insurgents fighting the vast and powerful computers who now rule the earth.",136.0,7.9,63000000,463517383
63,Inspired,Django Unchained,68718,2012,"Drama,Western","With the help of a German bounty hunter, a freed slave sets out to rescue his wife from a brutal Mississippi plantation owner.",165.0,7.8,100000000,425368238
64,Sad,The Pursuit of Happyness,1402,2006,Drama,"The true story of Christopher Gardner, who invests heavily in a device known as a 'Bone Density Scanner', only to find himself struggle to sell the product as it's just marginally better than the current technology, and much more expensive. His wife leaves him,  he loses his house, bank account and credit cards and, now forced to live out in the streets with his young son,  he's desperate to find a steady job. He takes on a job as a stockbroker but, before he can receive pay, he needs to go through 6 months of training, and must sell his devices.",117.0,7.7,55000000,307077295
65,Sad,Love Actually,508,2003,"Comedy,Romance,Drama",Follows seemingly unrelated people as their lives begin to intertwine while they fall in – and out – of love. Affections languish and develop as Christmas draws near.,135.0,7.0,40000000,244931766
66,Romantic,Love Actually,508,2003,"Comedy,Romance,Drama",Follows seemingly unrelated people as their lives begin to intertwine while they fall in – and out – of love. Affections languish and develop as Christmas draws near.,135.0,7.0,40000000,244931766
67,Angry,Fantastic Four,166424,2015,"Action,Adventure,Science Fiction","Four young outsiders teleport to a dangerous universe, which alters their physical form in shocking ways. Their lives irrevocably upended, the team must learn to harness their daunting new abilities and work together to save Earth from a former friend turned enemy.",100.0,4.4,120000000,167977596
68,Thrilled,War Horse,57212,2011,"Drama,War","Follows a young man named Albert and his horse, Joey, and how their bond is broken when Joey is sold to the cavalry and sent to the trenches of World War One. Despite being too young to enlist, Albert heads to France to save his friend.",146.0,7.0,66000000,177584879
69,Emotional,No Reservations,3638,2007,Comedy,"Master chef Kate Armstrong runs her life and her kitchen with intimidating intensity. However, a recipe for disaster may be in the works when she becomes the guardian of her young niece while crossing forks with the brash sous-chef who just joined her staff. Though romance blooms in the face of rivalry, Kate needs to look outside the kitchen to find true happiness.",104.0,6.1,28000000,92601050
70,Thrilled,X-Men: The Last Stand,36668,2006,"Adventure,Action,Science Fiction,Thriller","When a cure is found to treat mutations, lines are drawn amongst the X-Men and The Brotherhood, a band of powerful mutants organized under Xavier's former ally, Magneto.",104.0,6.3,210000000,459359555
71,Romantic,Shrek Forever After,10192,2010,"Comedy,Adventure,Fantasy,Animation,Family","A bored and domesticated Shrek pacts with deal-maker Rumpelstiltskin to get back to feeling like a real ogre again, but when he's duped and sent to a twisted version of Far Far Away—where Rumpelstiltskin is king, ogres are hunted, and he and Fiona have never met—he sets out to restore his world and reclaim his true love.",93.0,6.0,165000000,752600867
72,Inspired,Mission: Impossible III,956,2006,"Adventure,Action,Thriller","Retired from active duty to train new IMF agents, Ethan Hunt is called back into action to confront sadistic arms dealer, Owen Davian. Hunt must try to protect his girlfriend while working with his new team to complete the mission.",126.0,6.5,150000000,397850012
73,Angry,X-Men: Apocalypse,246655,2016,Science Fiction,"After the re-emergence of the world's first mutant, world-destroyer Apocalypse, the X-Men must unite to defeat his extinction level plan.",144.0,6.4,178000000,543934787
74,Romantic,Enchanted,4523,2007,"Comedy,Family,Fantasy,Romance","The beautiful princess Giselle is banished by an evil queen from her magical, musical animated land and finds herself in the gritty reality of the streets of modern-day Manhattan. Shocked by this strange new environment that doesn't operate on a ""happily ever after"" basis, Giselle is now adrift in a chaotic world badly in need of enchantment. But when Giselle begins to fall in love with a charmingly flawed divorce lawyer who has come to her aid - even though she is already promised to a perfect fairy tale prince back home - she has to wonder: Can a storybook view of romance survive in the real world?",107.0,6.6,85000000,340487652
75,Sad,The Terminal,594,2004,"Comedy,Drama","Viktor Navorski is a man without a country; his plane took off just as a coup d'etat exploded in his homeland, leaving it in shambles, and now he's stranded at Kennedy Airport, where he's holding a passport that nobody recognizes. While quarantined in the transit lounge until authorities can figure out what to do with him, Viktor simply goes on living – and courts romance with a beautiful flight attendant.",128.0,7.0,60000000,219417255
76,Romantic,50 First Dates,1824,2004,"Comedy,Romance","Henry is a player skilled at seducing women. But when this veterinarian meets Lucy, a girl with a quirky problem when it comes to total recall, he realizes it's possible to fall in love all over again…and again, and again. That's because the delightful Lucy has no short-term memory, so Henry must woo her day after day until he finally sweeps her off her feet.",99.0,6.6,75000000,196482882
77,Inspired,Inside Out,150540,2015,"Drama,Comedy,Animation,Family","Growing up can be a bumpy road, and it's no exception for Riley, who is uprooted from her Midwest life when her father starts a new job in San Francisco. Like all of us, Riley is guided by her emotions - Joy, Fear, Anger, Disgust and Sadness. The emotions live in Headquarters, the control center inside Riley's mind, where they help advise her through everyday life. As Riley and her emotions struggle to adjust to a new life in San Francisco, turmoil ensues in Headquarters. Although Joy, Riley's main and most important emotion, tries to keep things positive, the emotions conflict on how best to navigate a new city, house and school.",94.0,8.0,175000000,857611174
78,Happy,The Avengers,24428,2012,"Science Fiction,Action,Adventure","When an unexpected enemy emerges and threatens global safety and security, Nick Fury, director of the international peacekeeping agency known as S.H.I.E.L.D., finds himself in need of a team to pull the world back from the brink of disaster. Spanning the globe, a daring recruitment effort begins!",143.0,7.4,220000000,1519557910
79,Happy,Spider-Man,557,2002,"Fantasy,Action","After being bitten by a genetically altered spider, nerdy high school student Peter Parker is endowed with amazing powers.",121.0,6.8,139000000,821708551
80,Romantic,Mulan,10674,1998,"Animation,Family,Adventure","A tomboyish girl disguises herself as a young man so she can fight with the Imperial Chinese Army against the invading Huns. With help from wise-cracking dragon Mushu, Mulan just might save her country -- and win the heart of handsome Captain Li Shang.",88.0,7.6,90000000,304320254
81,Inspired,World War Z,72190,2013,"Action,Drama,Horror,Science Fiction,Thriller","Life for former United Nations investigator Gerry Lane and his family seems content. Suddenly, the world is plagued by a mysterious infection turning whole human populations into rampaging mindless zombies. After barely escaping the chaos, Lane is persuaded to go on a mission to investigate this disease. What follows is a perilous trek around the world where Lane must brave horrific dangers and long odds to find answers before human civilization falls.",116.0,6.7,200000000,531865000
82,Inspired,My Big Fat Greek Wedding,8346,2002,"Comedy,Drama,Romance",A young Greek woman falls in love with a non-Greek and struggles to get her family to accept him while she comes to terms with her heritage and cultural identity.,95.0,6.2,5000000,368744044
83,Happy,The Departed,1422,2006,"Drama,Thriller,Crime","To take down South Boston's Irish Mafia, the police send in one of their own to infiltrate the underworld, not realizing the syndicate has done likewise. While an undercover cop curries favor with the mob kingpin, a career criminal rises through the police ranks. But both sides soon discover there's a mole among them.",151.0,7.9,90000000,289847354
84,Angry,Sherlock Holmes,10528,2009,"Action,Adventure,Crime,Mystery","Eccentric consulting detective, Sherlock Holmes and Doctor John Watson battle to bring down a new nemesis and unravel a deadly plot that could destroy England.",128.0,7.0,90000000,524028679
85,Thrilled,Jaws,578,1975,"Horror,Thriller,Adventure","An insatiable great white shark terrorizes the townspeople of Amity Island, The police chief, an oceanographer and a grizzled shark hunter seek to destroy the bloodthirsty beast.",124.0,7.5,7000000,470654000
86,Thrilled,Iron Man 3,68721,2013,"Action,Adventure,Science Fiction","When Tony Stark's world is torn apart by a formidable terrorist called the Mandarin, he starts an odyssey of rebuilding and retribution.",130.0,6.8,200000000,1215439994
87,Romantic,Pearl Harbor,676,2001,"History,Romance,War","The lifelong friendship between Rafe McCawley and Danny Walker is put to the ultimate test when the two ace fighter pilots become entangled in a love triangle with beautiful Naval nurse Evelyn Johnson. But the rivalry between the friends-turned-foes is immediately put on hold when they find themselves at the center of Japan's devastating attack on Pearl Harbor on Dec. 7, 1941.",183.0,6.6,140000000,449220945
88,Inspired,Australia,6972,2008,Drama,"Set in northern Australia before World War II, an English aristocrat who inherits a sprawling ranch reluctantly pacts with a stock-man in order to protect her new property from a takeover plot. As the pair drive 2,000 head of cattle over unforgiving landscape, they experience the bombing of Darwin, Australia, by Japanese forces firsthand.",165.0,6.3,130000000,49554002
89,Happy,Toy Story 3,10193,2010,"Animation,Family,Comedy","Woody, Buzz, and the rest of Andy's toys haven't been played with in years. With Andy about to go to college, the gang find themselves accidentally left at a nefarious day care center. The toys must band together to escape and return home to Andy.",103.0,7.6,200000000,1066969703
90,Romantic,It's Complicated,22897,2009,"Comedy,Romance","Ten years after their divorce, Jane and Jake Adler unite for their son's college graduation and unexpectedly end up sleeping together. But Jake is married, and Jane is embarking on a new romance with her architect. Now, she has to sort out her life – just when she thought she had it all figured out.",121.0,6.2,85000000,219103655
91,Sad,Men in Black,607,1997,"Action,Adventure,Comedy,Science Fiction","Men in Black follows the exploits of agents Kay and Jay, members of a top-secret organization established to monitor and police alien activity on Earth. The two Men in Black find themselves in the middle of the deadly plot by an intergalactic terrorist who has arrived on Earth to assassinate two ambassadors from opposing galaxies. In order to prevent worlds from colliding, the MiB must track down the terrorist and prevent the destruction of Earth. It's just another typical day for the Men in Black.",98.0,6.9,90000000,589390539
92,Thrilled,Men in Black,607,1997,"Action,Adventure,Comedy,Science Fiction","Men in Black follows the exploits of agents Kay and Jay, members of a top-secret organization established to monitor and police alien activity on Earth. The two Men in Black find themselves in the middle of the deadly plot by an intergalactic terrorist who has arrived on Earth to assassinate two ambassadors from opposing galaxies. In order to prevent worlds from colliding, the MiB must track down the terrorist and prevent the destruction of Earth. It's just another typical day for the Men in Black.",98.0,6.9,90000000,589390539
93,Inspired,Toy Story,862,1995,"Animation,Comedy,Family","Led by Woody, Andy's toys live happily in his room until Andy's birthday brings Buzz Lightyear onto the scene. Afraid of losing his place in Andy's heart, Woody plots against Buzz. But when circumstances separate Buzz and Woody from their owner, the duo eventually learns to put aside their differences.",81.0,7.7,30000000,373554033
94,Inspired,Training Day,2034,2001,"Action,Crime,Drama,Thriller","On his first day on the job as a narcotics officer, a rookie cop works with a rogue detective who isn't what he appears.",122.0,7.3,45000000,104876233
95,Emotional,Bambi,3170,1942,"Animation,Drama,Family","Bambi's tale unfolds from season to season as the young prince of the forest learns about life, love, and friends.",70.0,6.8,858000,267447150
96,Happy,Rocky,1366,1976,Drama,"When world heavyweight boxing champion, Apollo Creed wants to give an unknown fighter a shot at the title as a publicity stunt, his handlers choose palooka Rocky Balboa, an uneducated collector for a Philadelphia loan shark. Rocky teams up with trainer  Mickey Goldmill to make the most of this once in a lifetime break.",119.0,7.5,1000000,117235147
97,Thrilled/Excited,Rocky,1366,1976,Drama,"When world heavyweight boxing champion, Apollo Creed wants to give an unknown fighter a shot at the title as a publicity stunt, his handlers choose palooka Rocky Balboa, an uneducated collector for a Philadelphia loan shark. Rocky teams up with trainer  Mickey Goldmill to make the most of this once in a lifetime break.",119.0,7.5,1000000,117235147
98,Inspired,Gandhi,783,1982,"Drama,History","In the early years of the 20th century, Mohandas K. Gandhi, a British-trained lawyer, forsakes all worldly possessions to take up the cause of Indian independence. Faced with armed resistance from the British government, Gandhi adopts a policy of 'passive resistance', endeavouring to win freedom for his people without resorting to bloodshed.",191.0,7.4,22000000,77737889
99,Happy,The Godfather,238,1972,"Drama,Crime","Spanning the years 1945 to 1955, a chronicle of the fictional Italian-American Corleone crime family. When organized crime family patriarch, Vito Corleone barely survives an attempt on his life, his youngest son, Michael steps in to take care of the would-be killers, launching a campaign of bloody revenge.",175.0,8.4,6000000,245066411
100,Happy,Blade Runner,78,1982,"Science Fiction,Drama,Thriller","In the smog-choked dystopian Los Angeles of 2019, blade runner Rick Deckard is called out of retirement to terminate a quartet of replicants who have escaped to Earth seeking their creator for a way to extend their short life spans.",117.0,7.9,28000000,33139618
101,Sad,Thor,10195,2011,"Adventure,Fantasy,Action","Against his father Odin's will, The Mighty Thor - a powerful but arrogant warrior god - recklessly reignites an ancient war. Thor is cast down to Earth and forced to live among humans as punishment. Once here, Thor learns what it takes to be a true hero when the most dangerous villain of his world sends the darkest forces of Asgard to invade Earth.",115.0,6.6,150000000,449326618
102,Thrilled,Quantum of Solace,10764,2008,"Adventure,Action,Thriller,Crime","Quantum of Solace continues the adventures of James Bond after Casino Royale. Betrayed by Vesper, the woman he loved, 007 fights the urge to make his latest mission personal. Pursuing his determination to uncover the truth, Bond and M interrogate Mr. White, who reveals that the organization that blackmailed Vesper is far more complex and dangerous than anyone had imagined.",106.0,6.1,200000000,586090727
103,Romantic,Frozen,109445,2013,"Animation,Adventure,Family","Young princess Anna of Arendelle dreams about finding true love at her sister Elsa’s coronation. Fate takes her on a dangerous journey in an attempt to end the eternal winter that has fallen over the kingdom. She's accompanied by ice delivery man Kristoff, his reindeer Sven, and snowman Olaf. On an adventure where she will find out what friendship, courage, family, and true love really means.",102.0,7.3,150000000,1274219009
104,Inspired,Ocean's Twelve,163,2004,"Thriller,Crime","Danny Ocean reunites with his old flame and the rest of his merry band of thieves in carrying out three huge heists in Rome, Paris and Amsterdam – but a Europol agent is hot on their heels.",125.0,6.4,110000000,362744280
105,Happy,Toy Story 2,863,1999,"Animation,Comedy,Family","Andy heads off to Cowboy Camp, leaving his toys to their own devices. Things shift into high gear when an obsessive toy collector named Al McWhiggen, owner of Al's Toy Barn kidnaps Woody. Andy's toys mount a daring rescue mission, Buzz Lightyear meets his match and Woody has to decide where he and his heart truly belong.",92.0,7.3,90000000,497366869
106,Inspired,Toy Story 2,863,1999,"Animation,Comedy,Family","Andy heads off to Cowboy Camp, leaving his toys to their own devices. Things shift into high gear when an obsessive toy collector named Al McWhiggen, owner of Al's Toy Barn kidnaps Woody. Andy's toys mount a daring rescue mission, Buzz Lightyear meets his match and Woody has to decide where he and his heart truly belong.",92.0,7.3,90000000,497366869
107,Angry,Hercules,184315,2014,"Action,Adventure","Fourteen hundred years ago, a tormented soul walked the earth that was neither man nor god. Hercules was the powerful son of the god king Zeus, for this he received nothing but suffering his entire life. After twelve arduous labors and the loss of his family, this dark, world-weary soul turned his back on the gods finding his only solace in bloody battle. Over the years he warmed to the company of six similar souls, their only bond being their love of fighting and presence of death. These men and woman never question where they go to fight or why or whom, just how much they will be paid. Now the King of Thrace has hired these mercenaries to train his men to become the greatest army of all time. It is time for this bunch of lost souls to finally have their eyes opened to how far they have fallen when they must train an army to become as ruthless and blood thirsty as their reputation has become.",99.0,5.6,100000000,243400000
108,Sad,Journey to the Center of the Earth,88751,2008,"Action,Science Fiction,Adventure,Comedy,Family","On a quest to find out what happened to his missing brother, a scientist, his nephew and their mountain guide discover a fantastic and dangerous lost world in the center of the earth.",93.0,5.8,45000000,101702060
109,Romantic,Serendipity,9778,2001,"Comedy,Romance","Although strangers Sara and Jonathan are both already in relationships, they realize they have genuine chemistry after a chance encounter – but part company soon after. Years later, they each yearn to reunite, despite being destined for the altar. But to give true love a chance, they have to find one another again.",90.0,6.6,28000000,77516304
110,Happy,The Passion of the Christ,615,2004,Drama,"""The Passion of the Christ"" is a film about the last 12 hours in the life of Jesus. Director Mel Gibson received much criticism from critics and audiences for his explicit depiction of and focus on violence and on christs suffering, especially on the part of the jewish community. The films languages are Arabic, Latin and Hebrew and its actors are laymen which was controversially received as well.",127.0,6.9,30000000,611899420
111,Happy,Armageddon,95,1998,"Action,Thriller,Science Fiction,Adventure","When an asteroid threatens to collide with Earth, NASA honcho Dan Truman determines the only way to stop it is to drill into its surface and detonate a nuclear bomb. This leads him to renowned driller Harry Stamper, who agrees to helm the dangerous space mission provided he can bring along his own hotshot crew. Among them is the cocksure A.J. who Harry thinks isn't good enough for his daughter, until the mission proves otherwise.",151.0,6.4,140000000,553799566
